sut,workload,metric,value_mean,value_std,value_support,total_value_support
BaselineLLMSystemGPTo3FewShot,archeology.json,f1,0.195534205065502,0.2757890424872644,50,50
BaselineLLMSystemGPTo3FewShot,archeology.json,f1_approximate,0.0,0.0,1,1
BaselineLLMSystemGPTo3FewShot,archeology.json,llm_code_eval,0.5423611111111112,0.4054812289196293,12,12
BaselineLLMSystemGPTo3FewShot,archeology.json,precision,0.3959257266412326,0.4075807113261013,50,50
BaselineLLMSystemGPTo3FewShot,archeology.json,recall,0.4736360090078645,0.4477810477830604,50,50
BaselineLLMSystemGPTo3FewShot,archeology.json,runtime,8.880571399826604,31.345709890669163,83,83
BaselineLLMSystemGPTo3FewShot,archeology.json,success,0.40625,0.498990917235846,32,32
BaselineLLMSystemGPTo3FewShot,archeology.json,total_token_usage_answers,0.0,0.0,83,83
BaselineLLMSystemGPTo3FewShot,archeology.json,total_token_usage_pipeline,1338.6666666666667,752.1928347212971,12,12
BaselineLLMSystemGPT4oFewShot,archeology.json,f1,0.1710653273673729,0.2067602060984776,50,50
BaselineLLMSystemGPT4oFewShot,archeology.json,f1_approximate,0.0,0.0,1,1
BaselineLLMSystemGPT4oFewShot,archeology.json,llm_code_eval,0.4428571428571429,0.3619726335688361,12,12
BaselineLLMSystemGPT4oFewShot,archeology.json,precision,0.2376362964744177,0.3468935972244382,50,50
BaselineLLMSystemGPT4oFewShot,archeology.json,recall,0.2963350250168898,0.4205408205514208,50,50
BaselineLLMSystemGPT4oFewShot,archeology.json,runtime,6.351115143442727,17.73192439187374,83,83
BaselineLLMSystemGPT4oFewShot,archeology.json,success,0.21875,0.4200134406451544,32,32
BaselineLLMSystemGPT4oFewShot,archeology.json,total_token_usage_answers,0.0,0.0,83,83
BaselineLLMSystemGPT4oFewShot,archeology.json,total_token_usage_pipeline,920.6666666666666,468.08203114282,12,12
BaselineLLMSystemGPT4oFewShot,wildfire.json,bleu,0.3691916052232675,0.4542723524423433,9,9
BaselineLLMSystemGPT4oFewShot,wildfire.json,f1,0.2137912345176504,0.2243646491826515,44,44
BaselineLLMSystemGPT4oFewShot,wildfire.json,f1_approximate,0.0,0.0,14,14
BaselineLLMSystemGPT4oFewShot,wildfire.json,llm_code_eval,0.3130385487528344,0.3526471531190475,21,21
BaselineLLMSystemGPT4oFewShot,wildfire.json,llm_paraphrase,0.2222222222222222,0.4409585518440984,9,9
BaselineLLMSystemGPT4oFewShot,wildfire.json,mean_absolute_error,8.756445108292251,14.923353529965736,3,7
BaselineLLMSystemGPT4oFewShot,wildfire.json,mean_relative_absolute_error,5733.714869495448,4941.42536684978,6,7
BaselineLLMSystemGPT4oFewShot,wildfire.json,mean_squared_error,225.1463179880958,389.89696515522047,3,7
BaselineLLMSystemGPT4oFewShot,wildfire.json,precision,0.1795982268505488,0.348280058886558,44,44
BaselineLLMSystemGPT4oFewShot,wildfire.json,rae_score,2500.009792238669,4522.061254850646,12,14
BaselineLLMSystemGPT4oFewShot,wildfire.json,recall,0.1836446125566423,0.3626922693526668,44,44
BaselineLLMSystemGPT4oFewShot,wildfire.json,rouge,0.3982683982683982,0.4790694161408463,9,9
BaselineLLMSystemGPT4oFewShot,wildfire.json,runtime,6.759631211030571,19.381532905932,141,141
BaselineLLMSystemGPT4oFewShot,wildfire.json,string_bootstrap,0.3982683982683982,0.4790694161408463,9,9
BaselineLLMSystemGPT4oFewShot,wildfire.json,success,0.3432835820895522,0.4783886718903729,67,67
BaselineLLMSystemGPT4oFewShot,wildfire.json,total_token_usage_answers,31.80851063829787,122.32234434906675,141,141
BaselineLLMSystemGPT4oFewShot,wildfire.json,total_token_usage_pipeline,1006.190476190476,468.7976769404494,21,21
BaselineLLMSystemGPT4oFewShot,biomedical.json,f1,0.1199526911582915,0.0935465220707844,24,24
BaselineLLMSystemGPT4oFewShot,biomedical.json,llm_code_eval,0.2222222222222222,0.2991758226185835,9,9
BaselineLLMSystemGPT4oFewShot,biomedical.json,precision,0.0635459901113606,0.159896657084494,24,24
BaselineLLMSystemGPT4oFewShot,biomedical.json,recall,0.1027342997514676,0.2706396998888594,24,24
BaselineLLMSystemGPT4oFewShot,biomedical.json,runtime,12.391093933835943,33.69120155560158,47,47
BaselineLLMSystemGPT4oFewShot,biomedical.json,success,0.1304347826086956,0.3443502215750909,23,23
BaselineLLMSystemGPT4oFewShot,biomedical.json,total_token_usage_answers,0.0,0.0,47,47
BaselineLLMSystemGPT4oFewShot,biomedical.json,total_token_usage_pipeline,748.4444444444445,599.3300658049601,9,9
BaselineLLMSystemClaude35FewShot,wildfire.json,bleu,0.3599740048681643,0.412353928192717,9,9
BaselineLLMSystemClaude35FewShot,wildfire.json,f1,0.1937718405889003,0.2175677714290779,44,44
BaselineLLMSystemClaude35FewShot,wildfire.json,f1_approximate,0.0,0.0,14,14
BaselineLLMSystemClaude35FewShot,wildfire.json,llm_code_eval,0.5714852607709751,0.3641401596243049,21,21
BaselineLLMSystemClaude35FewShot,wildfire.json,llm_paraphrase,0.3333333333333333,0.5,9,9
BaselineLLMSystemClaude35FewShot,wildfire.json,mean_absolute_error,1.4155588312191874,2.6655440855303123,4,7
BaselineLLMSystemClaude35FewShot,wildfire.json,mean_relative_absolute_error,4285.402140457527,5344.581409774131,7,7
BaselineLLMSystemClaude35FewShot,wildfire.json,mean_squared_error,7.332650758571853,14.623662506035297,4,7
BaselineLLMSystemClaude35FewShot,wildfire.json,precision,0.2511330019425771,0.37257377216275,44,44
BaselineLLMSystemClaude35FewShot,wildfire.json,rae_score,2143.12111170078,4257.4681465878175,14,14
BaselineLLMSystemClaude35FewShot,wildfire.json,recall,0.264513254895667,0.393748125510695,44,44
BaselineLLMSystemClaude35FewShot,wildfire.json,rouge,0.5145986910692792,0.4279129043279394,9,9
BaselineLLMSystemClaude35FewShot,wildfire.json,runtime,4.705601113907834,14.734824501440066,141,141
BaselineLLMSystemClaude35FewShot,wildfire.json,string_bootstrap,0.4654234654234654,0.4733355511438095,9,9
BaselineLLMSystemClaude35FewShot,wildfire.json,success,0.3283582089552239,0.4731602234073838,67,67
BaselineLLMSystemClaude35FewShot,wildfire.json,total_token_usage_answers,32.46808510638298,124.90782619833196,141,141
BaselineLLMSystemClaude35FewShot,wildfire.json,total_token_usage_pipeline,1202.5238095238096,296.8773516197588,21,21
BaselineLLMSystemGPTo3FewShot,biomedical.json,f1,0.1746604162700596,0.1889033813812806,24,24
BaselineLLMSystemGPTo3FewShot,biomedical.json,llm_code_eval,0.6574074074074073,0.2950320249525455,9,9
BaselineLLMSystemGPTo3FewShot,biomedical.json,precision,0.1937152979446027,0.2925387032135165,24,24
BaselineLLMSystemGPTo3FewShot,biomedical.json,recall,0.3541666666666667,0.4539480593412754,24,24
BaselineLLMSystemGPTo3FewShot,biomedical.json,runtime,33.48576541149871,188.02124631228472,47,47
BaselineLLMSystemGPTo3FewShot,biomedical.json,success,0.217391304347826,0.4217411678366499,23,23
BaselineLLMSystemGPTo3FewShot,biomedical.json,total_token_usage_answers,0.0,0.0,47,47
BaselineLLMSystemGPTo3FewShot,biomedical.json,total_token_usage_pipeline,1610.888888888889,451.4646842346709,9,9
BaselineLLMSystemClaude35FewShot,biomedical.json,f1,0.2064283493110679,0.2084158149628286,24,24
BaselineLLMSystemClaude35FewShot,biomedical.json,llm_code_eval,0.4055555555555555,0.2951249996731872,9,9
BaselineLLMSystemClaude35FewShot,biomedical.json,precision,0.1904930378770346,0.3385495836328634,24,24
BaselineLLMSystemClaude35FewShot,biomedical.json,recall,0.2678571428571428,0.4046096413156856,24,24
BaselineLLMSystemClaude35FewShot,biomedical.json,runtime,4.015899663275861,8.672153062183218,47,47
BaselineLLMSystemClaude35FewShot,biomedical.json,success,0.0869565217391304,0.2881040655200304,23,23
BaselineLLMSystemClaude35FewShot,biomedical.json,total_token_usage_answers,0.0,0.0,47,47
BaselineLLMSystemClaude35FewShot,biomedical.json,total_token_usage_pipeline,1150.0,157.97547277979578,9,9
BaselineLLMSystemGPTo3FewShot,environment.json,bleu,0.5943094250052452,0.4587631345293508,9,9
BaselineLLMSystemGPTo3FewShot,environment.json,f1,0.2649239820006334,0.2336978026837393,68,68
BaselineLLMSystemGPTo3FewShot,environment.json,f1_approximate,0.0,0.0,14,14
BaselineLLMSystemGPTo3FewShot,environment.json,llm_code_eval,0.6772619047619048,0.2864874651922315,20,20
BaselineLLMSystemGPTo3FewShot,environment.json,llm_paraphrase,0.4444444444444444,0.5270462766947299,9,9
BaselineLLMSystemGPTo3FewShot,environment.json,precision,0.4959793135192643,0.439839368044867,68,68
BaselineLLMSystemGPTo3FewShot,environment.json,recall,0.6189324776224788,0.4497436036148019,68,68
BaselineLLMSystemGPTo3FewShot,environment.json,rouge,0.6268518518518519,0.4670715835902789,9,9
BaselineLLMSystemGPTo3FewShot,environment.json,runtime,8.6194629243442,28.490299120973777,168,168
BaselineLLMSystemGPTo3FewShot,environment.json,string_bootstrap,0.6222222222222222,0.4737556801183965,9,9
BaselineLLMSystemGPTo3FewShot,environment.json,success,0.4545454545454545,0.5011947448335864,77,77
BaselineLLMSystemGPTo3FewShot,environment.json,total_token_usage_answers,27.214285714285715,114.91486788298798,168,168
BaselineLLMSystemGPTo3FewShot,environment.json,total_token_usage_pipeline,1551.5,471.43470832186966,20,20
BaselineLLMSystemClaude35FewShot,environment.json,bleu,0.4351927345255535,0.4255597085717889,9,9
BaselineLLMSystemClaude35FewShot,environment.json,f1,0.2373602920898943,0.2366996431764836,68,68
BaselineLLMSystemClaude35FewShot,environment.json,f1_approximate,0.0,0.0,14,14
BaselineLLMSystemClaude35FewShot,environment.json,llm_code_eval,0.6537103174603176,0.278855569911419,20,20
BaselineLLMSystemClaude35FewShot,environment.json,llm_paraphrase,0.2222222222222222,0.4409585518440984,9,9
BaselineLLMSystemClaude35FewShot,environment.json,precision,0.402490769553621,0.4248858398535316,68,68
BaselineLLMSystemClaude35FewShot,environment.json,recall,0.5522912107779269,0.4471272841799498,68,68
BaselineLLMSystemClaude35FewShot,environment.json,rouge,0.4558730158730159,0.4432305133695777,9,9
BaselineLLMSystemClaude35FewShot,environment.json,runtime,5.001607076043174,15.294935121034596,168,168
BaselineLLMSystemClaude35FewShot,environment.json,string_bootstrap,0.44,0.4581484475582123,9,9
BaselineLLMSystemClaude35FewShot,environment.json,success,0.4155844155844156,0.4960541500218804,77,77
BaselineLLMSystemClaude35FewShot,environment.json,total_token_usage_answers,27.047619047619047,114.14025459428424,168,168
BaselineLLMSystemClaude35FewShot,environment.json,total_token_usage_pipeline,1388.5,295.1104164456701,20,20
BaselineLLMSystemGPTo3FewShot,astronomy.json,bleu,0.1591012023498844,0.0,1,1
BaselineLLMSystemGPTo3FewShot,astronomy.json,f1,0.2874996051756498,0.2264438621309115,33,33
BaselineLLMSystemGPTo3FewShot,astronomy.json,f1_approximate,0.0,0.0,9,9
BaselineLLMSystemGPTo3FewShot,astronomy.json,llm_code_eval,0.6561507936507937,0.3872635190600315,12,12
BaselineLLMSystemGPTo3FewShot,astronomy.json,llm_paraphrase,0.0,0.0,1,1
BaselineLLMSystemGPTo3FewShot,astronomy.json,mean_absolute_error,,0.0,0,2
BaselineLLMSystemGPTo3FewShot,astronomy.json,mean_relative_absolute_error,9999.0,0.0,1,2
BaselineLLMSystemGPTo3FewShot,astronomy.json,mean_squared_error,,0.0,0,2
BaselineLLMSystemGPTo3FewShot,astronomy.json,precision,0.396901964242536,0.4000876582384135,33,33
BaselineLLMSystemGPTo3FewShot,astronomy.json,rae_score,4999.50005,7070.36063437361,2,4
BaselineLLMSystemGPTo3FewShot,astronomy.json,recall,0.319574554487071,0.3736411996948318,33,33
BaselineLLMSystemGPTo3FewShot,astronomy.json,rouge,0.3488372093023256,0.0,1,1
BaselineLLMSystemGPTo3FewShot,astronomy.json,runtime,16.261635106801986,53.51908552232708,80,80
BaselineLLMSystemGPTo3FewShot,astronomy.json,string_bootstrap,0.0,0.0,1,1
BaselineLLMSystemGPTo3FewShot,astronomy.json,success,0.2,0.405839724956714,35,35
BaselineLLMSystemGPTo3FewShot,astronomy.json,total_token_usage_answers,9.125,81.61648117874232,80,80
BaselineLLMSystemGPTo3FewShot,astronomy.json,total_token_usage_pipeline,1480.0,1037.7787467821488,12,12
BaselineLLMSystemGPT4oFewShot,astronomy.json,bleu,0.5108751672208052,0.0,1,1
BaselineLLMSystemGPT4oFewShot,astronomy.json,f1,0.2449666678693894,0.2018884270382921,33,33
BaselineLLMSystemGPT4oFewShot,astronomy.json,f1_approximate,0.0,0.0,9,9
BaselineLLMSystemGPT4oFewShot,astronomy.json,llm_code_eval,0.339781746031746,0.3690772064219105,12,12
BaselineLLMSystemGPT4oFewShot,astronomy.json,llm_paraphrase,0.0,0.0,1,1
BaselineLLMSystemGPT4oFewShot,astronomy.json,mean_absolute_error,,0.0,0,2
BaselineLLMSystemGPT4oFewShot,astronomy.json,mean_relative_absolute_error,9999.0,0.0,2,2
BaselineLLMSystemGPT4oFewShot,astronomy.json,mean_squared_error,,0.0,0,2
BaselineLLMSystemGPT4oFewShot,astronomy.json,precision,0.2246703045246735,0.3557776065041293,33,33
BaselineLLMSystemGPT4oFewShot,astronomy.json,rae_score,4999.500050000001,5772.925283892041,4,4
BaselineLLMSystemGPT4oFewShot,astronomy.json,recall,0.187758677566464,0.3471700014602649,33,33
BaselineLLMSystemGPT4oFewShot,astronomy.json,rouge,0.5333333333333333,0.0,1,1
BaselineLLMSystemGPT4oFewShot,astronomy.json,runtime,12.144867905974388,39.770369771841935,80,80
BaselineLLMSystemGPT4oFewShot,astronomy.json,string_bootstrap,0.5333333333333333,0.0,1,1
BaselineLLMSystemGPT4oFewShot,astronomy.json,success,0.1714285714285714,0.3823852604310971,35,35
BaselineLLMSystemGPT4oFewShot,astronomy.json,total_token_usage_answers,7.45,66.63482572949373,80,80
BaselineLLMSystemGPT4oFewShot,astronomy.json,total_token_usage_pipeline,1013.1666666666666,802.6425484647949,12,12
BaselineLLMSystemGPT4oFewShot,environment.json,bleu,0.2618427662934903,0.4344677893944959,9,9
BaselineLLMSystemGPT4oFewShot,environment.json,f1,0.2617391941958158,0.2205603901590417,68,68
BaselineLLMSystemGPT4oFewShot,environment.json,f1_approximate,0.0,0.0,14,14
BaselineLLMSystemGPT4oFewShot,environment.json,llm_code_eval,0.6085119047619048,0.2999986477199303,20,20
BaselineLLMSystemGPT4oFewShot,environment.json,llm_paraphrase,0.2222222222222222,0.4409585518440984,9,9
BaselineLLMSystemGPT4oFewShot,environment.json,precision,0.3146290879393047,0.3959851790615727,68,68
BaselineLLMSystemGPT4oFewShot,environment.json,recall,0.4124157885197298,0.4477119270587063,68,68
BaselineLLMSystemGPT4oFewShot,environment.json,rouge,0.2801932367149758,0.4423852211477448,9,9
BaselineLLMSystemGPT4oFewShot,environment.json,runtime,8.730567519153869,28.51285224281069,168,168
BaselineLLMSystemGPT4oFewShot,environment.json,string_bootstrap,0.2801932367149758,0.4423852211477448,9,9
BaselineLLMSystemGPT4oFewShot,environment.json,success,0.2857142857142857,0.4547163041867237,77,77
BaselineLLMSystemGPT4oFewShot,environment.json,total_token_usage_answers,30.178571428571427,133.14056870493198,168,168
BaselineLLMSystemGPT4oFewShot,environment.json,total_token_usage_pipeline,1316.4,391.1582530733161,20,20
BaselineLLMSystemGPT4oFewShot,legal.json,bleu,0.1894361325206887,0.341093950498993,10,10
BaselineLLMSystemGPT4oFewShot,legal.json,f1,0.2471158739111302,0.2099312413734401,92,92
BaselineLLMSystemGPT4oFewShot,legal.json,f1_approximate,0.0,0.0,11,11
BaselineLLMSystemGPT4oFewShot,legal.json,llm_code_eval,0.3444047619047618,0.3066430580358411,30,30
BaselineLLMSystemGPT4oFewShot,legal.json,llm_paraphrase,0.1,0.3162277660168379,10,10
BaselineLLMSystemGPT4oFewShot,legal.json,mean_absolute_error,0.0,0.0,1,2
BaselineLLMSystemGPT4oFewShot,legal.json,mean_relative_absolute_error,4999.5,7070.360705084288,2,2
BaselineLLMSystemGPT4oFewShot,legal.json,mean_squared_error,0.0,0.0,1,2
BaselineLLMSystemGPT4oFewShot,legal.json,precision,0.2870545748161199,0.3945354963768219,92,92
BaselineLLMSystemGPT4oFewShot,legal.json,rae_score,2500.250025,4999.166672221482,4,4
BaselineLLMSystemGPT4oFewShot,legal.json,recall,0.3877193250467891,0.4519980130752745,92,92
BaselineLLMSystemGPT4oFewShot,legal.json,rouge,0.2208041958041958,0.358567385400593,10,10
BaselineLLMSystemGPT4oFewShot,legal.json,runtime,5.909436713664905,24.57849479650839,218,218
BaselineLLMSystemGPT4oFewShot,legal.json,string_bootstrap,0.1727272727272727,0.3697714778371297,10,10
BaselineLLMSystemGPT4oFewShot,legal.json,success,0.2815533980582524,0.4519560044559982,103,103
BaselineLLMSystemGPT4oFewShot,legal.json,total_token_usage_answers,23.472477064220183,107.39745585772252,218,218
BaselineLLMSystemGPT4oFewShot,legal.json,total_token_usage_pipeline,766.1333333333333,525.6549762182306,30,30
BaselineLLMSystemClaude35FewShot,legal.json,bleu,0.2534243520360376,0.3166005066898587,10,10
BaselineLLMSystemClaude35FewShot,legal.json,f1,0.2727767481618182,0.2044099792325883,92,92
BaselineLLMSystemClaude35FewShot,legal.json,f1_approximate,0.0,0.0,11,11
BaselineLLMSystemClaude35FewShot,legal.json,llm_code_eval,0.5298015873015873,0.332233230484468,30,30
BaselineLLMSystemClaude35FewShot,legal.json,llm_paraphrase,0.1,0.3162277660168379,10,10
BaselineLLMSystemClaude35FewShot,legal.json,mean_absolute_error,,0.0,0,2
BaselineLLMSystemClaude35FewShot,legal.json,mean_relative_absolute_error,9999.0,0.0,2,2
BaselineLLMSystemClaude35FewShot,legal.json,mean_squared_error,,0.0,0,2
BaselineLLMSystemClaude35FewShot,legal.json,precision,0.4841021796779967,0.4230647939286427,92,92
BaselineLLMSystemClaude35FewShot,legal.json,rae_score,4999.500050000001,5772.925283892041,4,4
BaselineLLMSystemClaude35FewShot,legal.json,recall,0.6106221456619577,0.4618051449104556,92,92
BaselineLLMSystemClaude35FewShot,legal.json,rouge,0.3219357197754247,0.3519165866959364,10,10
BaselineLLMSystemClaude35FewShot,legal.json,runtime,6.03417487866288,18.866931461744723,218,218
BaselineLLMSystemClaude35FewShot,legal.json,string_bootstrap,0.2726688576053367,0.3739681871408575,10,10
BaselineLLMSystemClaude35FewShot,legal.json,success,0.2815533980582524,0.4519560044559982,103,103
BaselineLLMSystemClaude35FewShot,legal.json,total_token_usage_answers,23.720183486238533,108.52483695408569,218,218
BaselineLLMSystemClaude35FewShot,legal.json,total_token_usage_pipeline,933.6333333333332,459.7213911395296,30,30
BaselineLLMSystemClaude35FewShot,astronomy.json,bleu,0.138259103326051,0.0,1,1
BaselineLLMSystemClaude35FewShot,astronomy.json,f1,0.1889063655540392,0.1599744206044302,33,33
BaselineLLMSystemClaude35FewShot,astronomy.json,f1_approximate,0.0,0.0,9,9
BaselineLLMSystemClaude35FewShot,astronomy.json,llm_code_eval,0.5876623376623377,0.385402602654119,11,12
BaselineLLMSystemClaude35FewShot,astronomy.json,llm_paraphrase,0.0,0.0,1,1
BaselineLLMSystemClaude35FewShot,astronomy.json,mean_absolute_error,,0.0,0,2
BaselineLLMSystemClaude35FewShot,astronomy.json,mean_relative_absolute_error,9999.0,0.0,2,2
BaselineLLMSystemClaude35FewShot,astronomy.json,mean_squared_error,,0.0,0,2
BaselineLLMSystemClaude35FewShot,astronomy.json,precision,0.2384771373407737,0.2893865183253617,33,33
BaselineLLMSystemClaude35FewShot,astronomy.json,rae_score,4999.500050000001,5772.925283892041,4,4
BaselineLLMSystemClaude35FewShot,astronomy.json,recall,0.2380333664372475,0.3766532707703025,33,33
BaselineLLMSystemClaude35FewShot,astronomy.json,rouge,0.3010752688172043,0.0,1,1
BaselineLLMSystemClaude35FewShot,astronomy.json,runtime,61.60170565247536,438.2206433140397,80,80
BaselineLLMSystemClaude35FewShot,astronomy.json,string_bootstrap,0.0,0.0,1,1
BaselineLLMSystemClaude35FewShot,astronomy.json,success,0.1142857142857142,0.3228028510906756,35,35
BaselineLLMSystemClaude35FewShot,astronomy.json,total_token_usage_answers,9.175,82.06369477424231,80,80
BaselineLLMSystemClaude35FewShot,astronomy.json,total_token_usage_pipeline,1181.8333333333333,782.7029894519183,12,12
BaselineLLMSystemClaude35FewShot,archeology.json,f1,0.1263865471101668,0.1953583424044694,50,50
BaselineLLMSystemClaude35FewShot,archeology.json,f1_approximate,0.0,0.0,1,1
BaselineLLMSystemClaude35FewShot,archeology.json,llm_code_eval,0.5217261904761905,0.3462942673853564,12,12
BaselineLLMSystemClaude35FewShot,archeology.json,precision,0.2866900162057678,0.372999047501109,50,50
BaselineLLMSystemClaude35FewShot,archeology.json,recall,0.4591738387718188,0.4525108474146623,50,50
BaselineLLMSystemClaude35FewShot,archeology.json,runtime,6.247322142842306,21.133572539416026,83,83
BaselineLLMSystemClaude35FewShot,archeology.json,success,0.21875,0.4200134406451544,32,32
BaselineLLMSystemClaude35FewShot,archeology.json,total_token_usage_answers,0.0,0.0,83,83
BaselineLLMSystemClaude35FewShot,archeology.json,total_token_usage_pipeline,1185.6666666666667,332.458154122326,12,12
BaselineLLMSystemGPTo3FewShot,legal.json,bleu,0.3648227235902338,0.3632120154939357,10,10
BaselineLLMSystemGPTo3FewShot,legal.json,f1,0.276450866471771,0.2153915654434794,92,92
BaselineLLMSystemGPTo3FewShot,legal.json,f1_approximate,0.0,0.0,11,11
BaselineLLMSystemGPTo3FewShot,legal.json,llm_code_eval,0.5533730158730158,0.3529684724835878,30,30
BaselineLLMSystemGPTo3FewShot,legal.json,llm_paraphrase,0.1,0.3162277660168379,10,10
BaselineLLMSystemGPTo3FewShot,legal.json,mean_absolute_error,0.0,0.0,1,2
BaselineLLMSystemGPTo3FewShot,legal.json,mean_relative_absolute_error,4999.5,7070.360705084288,2,2
BaselineLLMSystemGPTo3FewShot,legal.json,mean_squared_error,0.0,0.0,1,2
BaselineLLMSystemGPTo3FewShot,legal.json,precision,0.441082856086019,0.4296071630734804,92,92
BaselineLLMSystemGPTo3FewShot,legal.json,rae_score,2500.250025,4999.166672221482,4,4
BaselineLLMSystemGPTo3FewShot,legal.json,recall,0.5577928670905414,0.4610148642098405,92,92
BaselineLLMSystemGPTo3FewShot,legal.json,rouge,0.4309766095972993,0.3973034792785088,10,10
BaselineLLMSystemGPTo3FewShot,legal.json,runtime,9.231023123504915,33.172249936844004,218,218
BaselineLLMSystemGPTo3FewShot,legal.json,string_bootstrap,0.4309766095972993,0.3973034792785087,10,10
BaselineLLMSystemGPTo3FewShot,legal.json,success,0.4563106796116505,0.5005232365984856,103,103
BaselineLLMSystemGPTo3FewShot,legal.json,total_token_usage_answers,23.6605504587156,108.2697791283729,218,218
BaselineLLMSystemGPTo3FewShot,legal.json,total_token_usage_pipeline,1308.4666666666667,449.7437380165037,30,30
BaselineLLMSystemGPTo3FewShot,wildfire.json,bleu,0.4175732772773426,0.4426848342350619,9,9
BaselineLLMSystemGPTo3FewShot,wildfire.json,f1,0.2631453923803211,0.2352974852653438,44,44
BaselineLLMSystemGPTo3FewShot,wildfire.json,f1_approximate,0.0,0.0,14,14
BaselineLLMSystemGPTo3FewShot,wildfire.json,llm_code_eval,0.4927437641723355,0.4505371640613585,21,21
BaselineLLMSystemGPTo3FewShot,wildfire.json,llm_paraphrase,0.3333333333333333,0.5,9,9
BaselineLLMSystemGPTo3FewShot,wildfire.json,mean_absolute_error,1.4105588312191872,2.668476354836573,4,7
BaselineLLMSystemGPTo3FewShot,wildfire.json,mean_relative_absolute_error,4285.397744853131,5344.585521323069,7,7
BaselineLLMSystemGPTo3FewShot,wildfire.json,mean_squared_error,7.330250758571854,14.625254086520252,4,7
BaselineLLMSystemGPTo3FewShot,wildfire.json,precision,0.3553793440786257,0.3913145164584913,44,44
BaselineLLMSystemGPTo3FewShot,wildfire.json,rae_score,2143.1234565781247,4257.466875860459,14,14
BaselineLLMSystemGPTo3FewShot,wildfire.json,recall,0.3941715346756235,0.4296467507622923,44,44
BaselineLLMSystemGPTo3FewShot,wildfire.json,rouge,0.5889724310776941,0.463581243878643,9,9
BaselineLLMSystemGPTo3FewShot,wildfire.json,runtime,11.716112561259717,40.10695552530572,141,141
BaselineLLMSystemGPTo3FewShot,wildfire.json,string_bootstrap,0.5572263993316624,0.4956199759473347,9,9
BaselineLLMSystemGPTo3FewShot,wildfire.json,success,0.4328358208955223,0.4992078754785888,67,67
BaselineLLMSystemGPTo3FewShot,wildfire.json,total_token_usage_answers,31.602836879432623,121.49026295096505,141,141
BaselineLLMSystemGPTo3FewShot,wildfire.json,total_token_usage_pipeline,1225.095238095238,628.6059103096236,21,21
BaselineLLMSystemGPT4oNaive,archeology.json,f1,0.1674980129745099,0.1735134359449636,50,50
BaselineLLMSystemGPT4oNaive,archeology.json,f1_approximate,0.0,0.0,1,1
BaselineLLMSystemGPT4oNaive,archeology.json,llm_code_eval,0.6516865079365081,0.2786326662160517,12,12
BaselineLLMSystemGPT4oNaive,archeology.json,precision,0.1319508375105023,0.2574878739386214,50,50
BaselineLLMSystemGPT4oNaive,archeology.json,recall,0.1919365043639942,0.3626848885332187,50,50
BaselineLLMSystemGPT4oNaive,archeology.json,runtime,2.6227906123701343,7.490796561471579,83,83
BaselineLLMSystemGPT4oNaive,archeology.json,success,0.125,0.3360107525161235,32,32
BaselineLLMSystemGPT4oNaive,archeology.json,total_token_usage_answers,0.0,0.0,83,83
BaselineLLMSystemGPT4oNaive,archeology.json,total_token_usage_pipeline,1126.1666666666667,203.62301769037148,12,12
BaselineLLMSystemClaude35Naive,archeology.json,f1,0.1909497313794052,0.2243480043583392,50,50
BaselineLLMSystemClaude35Naive,archeology.json,f1_approximate,0.0,0.0,1,1
BaselineLLMSystemClaude35Naive,archeology.json,llm_code_eval,0.4681547619047619,0.3353105774394562,12,12
BaselineLLMSystemClaude35Naive,archeology.json,precision,0.1920878511858963,0.3118492875501329,50,50
BaselineLLMSystemClaude35Naive,archeology.json,recall,0.2674614118865163,0.4115896480881307,50,50
BaselineLLMSystemClaude35Naive,archeology.json,runtime,2.645850264882468,6.643066724110331,83,83
BaselineLLMSystemClaude35Naive,archeology.json,success,0.125,0.3360107525161235,32,32
BaselineLLMSystemClaude35Naive,archeology.json,total_token_usage_answers,0.0,0.0,83,83
BaselineLLMSystemClaude35Naive,archeology.json,total_token_usage_pipeline,1156.5833333333333,214.48053877951608,12,12
BaselineLLMSystemClaude35OneShot,archeology.json,f1,0.1398819215926628,0.1706262638218347,50,50
BaselineLLMSystemClaude35OneShot,archeology.json,f1_approximate,0.0,0.0,1,1
BaselineLLMSystemClaude35OneShot,archeology.json,llm_code_eval,0.6278769841269841,0.2844135646536699,12,12
BaselineLLMSystemClaude35OneShot,archeology.json,precision,0.2840814275048476,0.3944324725840505,50,50
BaselineLLMSystemClaude35OneShot,archeology.json,recall,0.3508194418234705,0.4480957918219577,50,50
BaselineLLMSystemClaude35OneShot,archeology.json,runtime,6.533067091401801,37.76518546746289,83,83
BaselineLLMSystemClaude35OneShot,archeology.json,success,0.21875,0.4200134406451544,32,32
BaselineLLMSystemClaude35OneShot,archeology.json,total_token_usage_answers,0.0,0.0,83,83
BaselineLLMSystemClaude35OneShot,archeology.json,total_token_usage_pipeline,1100.0,274.4717239948904,12,12
BaselineLLMSystemClaude35Naive,environment.json,bleu,0.2450360057866301,0.4309087199731987,9,9
BaselineLLMSystemClaude35Naive,environment.json,f1,0.1657026135686218,0.1553378269396721,68,68
BaselineLLMSystemClaude35Naive,environment.json,f1_approximate,0.0,0.0,14,14
BaselineLLMSystemClaude35Naive,environment.json,llm_code_eval,0.5390079365079365,0.2622256361715194,20,20
BaselineLLMSystemClaude35Naive,environment.json,llm_paraphrase,0.2222222222222222,0.4409585518440984,9,9
BaselineLLMSystemClaude35Naive,environment.json,precision,0.1713539569054238,0.3287454632793539,68,68
BaselineLLMSystemClaude35Naive,environment.json,recall,0.2253445155034505,0.3795349876474773,68,68
BaselineLLMSystemClaude35Naive,environment.json,rouge,0.2333333333333333,0.4358898943540673,9,9
BaselineLLMSystemClaude35Naive,environment.json,runtime,2.555353027014506,7.058681134453416,168,168
BaselineLLMSystemClaude35Naive,environment.json,string_bootstrap,0.2222222222222222,0.4409585518440984,9,9
BaselineLLMSystemClaude35Naive,environment.json,success,0.0779220779220779,0.2698066445201162,77,77
BaselineLLMSystemClaude35Naive,environment.json,total_token_usage_answers,26.964285714285715,113.7223161209702,168,168
BaselineLLMSystemClaude35Naive,environment.json,total_token_usage_pipeline,1347.5,195.2516594713494,20,20
BaselineLLMSystemClaude35Naive,astronomy.json,bleu,0.048007399772998,0.0,1,1
BaselineLLMSystemClaude35Naive,astronomy.json,f1,0.1745169447016567,0.1816581810378083,33,33
BaselineLLMSystemClaude35Naive,astronomy.json,f1_approximate,0.0,0.0,9,9
BaselineLLMSystemClaude35Naive,astronomy.json,llm_code_eval,0.6469246031746031,0.3055500637261572,12,12
BaselineLLMSystemClaude35Naive,astronomy.json,llm_paraphrase,0.0,0.0,1,1
BaselineLLMSystemClaude35Naive,astronomy.json,mean_absolute_error,,0.0,0,2
BaselineLLMSystemClaude35Naive,astronomy.json,mean_relative_absolute_error,9999.0,0.0,2,2
BaselineLLMSystemClaude35Naive,astronomy.json,mean_squared_error,,0.0,0,2
BaselineLLMSystemClaude35Naive,astronomy.json,precision,0.1561403508771929,0.3220169046622759,33,33
BaselineLLMSystemClaude35Naive,astronomy.json,rae_score,4999.500050000001,5772.925283892041,4,4
BaselineLLMSystemClaude35Naive,astronomy.json,recall,0.108861064705256,0.2671327648129884,33,33
BaselineLLMSystemClaude35Naive,astronomy.json,rouge,0.0465116279069767,0.0,1,1
BaselineLLMSystemClaude35Naive,astronomy.json,runtime,4.778243911266327,11.816983044864443,80,80
BaselineLLMSystemClaude35Naive,astronomy.json,string_bootstrap,0.0,0.0,1,1
BaselineLLMSystemClaude35Naive,astronomy.json,success,0.0571428571428571,0.2355041079768027,35,35
BaselineLLMSystemClaude35Naive,astronomy.json,total_token_usage_answers,7.2375,64.73416794861892,80,80
BaselineLLMSystemClaude35Naive,astronomy.json,total_token_usage_pipeline,1580.0833333333333,345.6510216792058,12,12
BaselineLLMSystemGPT4oOneShot,archeology.json,f1,0.1537866979255714,0.2068741977291699,50,50
BaselineLLMSystemGPT4oOneShot,archeology.json,f1_approximate,0.0,0.0,1,1
BaselineLLMSystemGPT4oOneShot,archeology.json,llm_code_eval,0.6161375661375662,0.3294538882840404,12,12
BaselineLLMSystemGPT4oOneShot,archeology.json,precision,0.2067240255782213,0.342203532338468,50,50
BaselineLLMSystemGPT4oOneShot,archeology.json,recall,0.296502325787358,0.424221425720805,50,50
BaselineLLMSystemGPT4oOneShot,archeology.json,runtime,6.152893724211726,16.202993960937086,83,83
BaselineLLMSystemGPT4oOneShot,archeology.json,success,0.125,0.3360107525161235,32,32
BaselineLLMSystemGPT4oOneShot,archeology.json,total_token_usage_answers,0.0,0.0,83,83
BaselineLLMSystemGPT4oOneShot,archeology.json,total_token_usage_pipeline,1059.0,228.1936976263009,12,12
BaselineLLMSystemGPTo3Naive,archeology.json,f1,0.1325702840319486,0.1974687873899971,50,50
BaselineLLMSystemGPTo3Naive,archeology.json,f1_approximate,0.0,0.0,1,1
BaselineLLMSystemGPTo3Naive,archeology.json,llm_code_eval,0.7447420634920635,0.1968054695413616,12,12
BaselineLLMSystemGPTo3Naive,archeology.json,precision,0.2677440245695718,0.3783368258803304,50,50
BaselineLLMSystemGPTo3Naive,archeology.json,recall,0.3280302884360206,0.4257402872492083,50,50
BaselineLLMSystemGPTo3Naive,archeology.json,runtime,5.377507258610553,13.979943500143932,83,83
BaselineLLMSystemGPTo3Naive,archeology.json,success,0.25,0.4399413450640598,32,32
BaselineLLMSystemGPTo3Naive,archeology.json,total_token_usage_answers,0.0,0.0,83,83
BaselineLLMSystemGPTo3Naive,archeology.json,total_token_usage_pipeline,1544.3333333333333,492.3340206392281,12,12
BaselineLLMSystemClaude35OneShot,environment.json,bleu,0.3097684073522267,0.4494684357014329,9,9
BaselineLLMSystemClaude35OneShot,environment.json,f1,0.1807109742548729,0.1915900150029633,68,68
BaselineLLMSystemClaude35OneShot,environment.json,f1_approximate,0.0,0.0,14,14
BaselineLLMSystemClaude35OneShot,environment.json,llm_code_eval,0.5769642857142856,0.3285091545109598,20,20
BaselineLLMSystemClaude35OneShot,environment.json,llm_paraphrase,0.2222222222222222,0.4409585518440984,9,9
BaselineLLMSystemClaude35OneShot,environment.json,precision,0.2382729857476851,0.3733182893298245,68,68
BaselineLLMSystemClaude35OneShot,environment.json,recall,0.3076810105493953,0.4351293976056366,68,68
BaselineLLMSystemClaude35OneShot,environment.json,rouge,0.3249999999999999,0.4616546328154847,9,9
BaselineLLMSystemClaude35OneShot,environment.json,runtime,2.810207305919556,8.015292440805386,168,168
BaselineLLMSystemClaude35OneShot,environment.json,string_bootstrap,0.3111111111111111,0.4702245326555294,9,9
BaselineLLMSystemClaude35OneShot,environment.json,success,0.2597402597402597,0.4413674147523748,77,77
BaselineLLMSystemClaude35OneShot,environment.json,total_token_usage_answers,27.416666666666668,115.66177289226913,168,168
BaselineLLMSystemClaude35OneShot,environment.json,total_token_usage_pipeline,1290.75,236.48097175037148,20,20
BaselineLLMSystemGPT4oNaive,environment.json,bleu,0.2379329999198973,0.4345233163115631,9,9
BaselineLLMSystemGPT4oNaive,environment.json,f1,0.1814317003182867,0.1751323678132845,68,68
BaselineLLMSystemGPT4oNaive,environment.json,f1_approximate,0.0,0.0,14,14
BaselineLLMSystemGPT4oNaive,environment.json,llm_code_eval,0.4504563492063492,0.2469883564473931,20,20
BaselineLLMSystemGPT4oNaive,environment.json,llm_paraphrase,0.2222222222222222,0.4409585518440984,9,9
BaselineLLMSystemGPT4oNaive,environment.json,precision,0.1142195597335864,0.2690224031994758,68,68
BaselineLLMSystemGPT4oNaive,environment.json,recall,0.140096792500781,0.3106813589424415,68,68
BaselineLLMSystemGPT4oNaive,environment.json,rouge,0.2222222222222222,0.4409585518440984,9,9
BaselineLLMSystemGPT4oNaive,environment.json,runtime,2.856788852385112,8.384551168610912,168,168
BaselineLLMSystemGPT4oNaive,environment.json,string_bootstrap,0.2222222222222222,0.4409585518440984,9,9
BaselineLLMSystemGPT4oNaive,environment.json,success,0.0389610389610389,0.1947710154567774,77,77
BaselineLLMSystemGPT4oNaive,environment.json,total_token_usage_answers,27.357142857142858,115.4533519462306,168,168
BaselineLLMSystemGPT4oNaive,environment.json,total_token_usage_pipeline,1340.25,234.9073445559244,20,20
BaselineLLMSystemClaude35OneShot,astronomy.json,bleu,0.0391465586333963,0.0,1,1
BaselineLLMSystemClaude35OneShot,astronomy.json,f1,0.1658443313960003,0.1491446635263085,33,33
BaselineLLMSystemClaude35OneShot,astronomy.json,f1_approximate,0.0,0.0,9,9
BaselineLLMSystemClaude35OneShot,astronomy.json,llm_code_eval,0.6796626984126983,0.2601571647335162,12,12
BaselineLLMSystemClaude35OneShot,astronomy.json,llm_paraphrase,0.0,0.0,1,1
BaselineLLMSystemClaude35OneShot,astronomy.json,mean_absolute_error,3.871081981980274e-15,0.0,1,2
BaselineLLMSystemClaude35OneShot,astronomy.json,mean_relative_absolute_error,197485328078.71097,279286415197.89185,2,2
BaselineLLMSystemClaude35OneShot,astronomy.json,mean_squared_error,1.4985275711212324e-29,0.0,1,2
BaselineLLMSystemClaude35OneShot,astronomy.json,precision,0.1144545856620159,0.2469383110873235,33,33
BaselineLLMSystemClaude35OneShot,astronomy.json,rae_score,2499.7500250000007,4999.499983333332,4,4
BaselineLLMSystemClaude35OneShot,astronomy.json,recall,0.0930773206726316,0.2520761201694038,33,33
BaselineLLMSystemClaude35OneShot,astronomy.json,rouge,0.0465116279069767,0.0,1,1
BaselineLLMSystemClaude35OneShot,astronomy.json,runtime,5.165857869386673,14.074788384641556,80,80
BaselineLLMSystemClaude35OneShot,astronomy.json,string_bootstrap,0.0,0.0,1,1
BaselineLLMSystemClaude35OneShot,astronomy.json,success,0.0571428571428571,0.2355041079768027,35,35
BaselineLLMSystemClaude35OneShot,astronomy.json,total_token_usage_answers,7.25,64.8459713474939,80,80
BaselineLLMSystemClaude35OneShot,astronomy.json,total_token_usage_pipeline,1484.3333333333333,582.2644406005563,12,12
BaselineLLMSystemClaude35OneShot,legal.json,bleu,0.1633802360650164,0.3491717513575079,10,10
BaselineLLMSystemClaude35OneShot,legal.json,f1,0.1626451964860162,0.1406741673523496,92,92
BaselineLLMSystemClaude35OneShot,legal.json,f1_approximate,0.0,0.0,11,11
BaselineLLMSystemClaude35OneShot,legal.json,llm_code_eval,0.5060714285714286,0.27821954950159,30,30
BaselineLLMSystemClaude35OneShot,legal.json,llm_paraphrase,0.1,0.3162277660168379,10,10
BaselineLLMSystemClaude35OneShot,legal.json,mean_absolute_error,0.0,0.0,1,2
BaselineLLMSystemClaude35OneShot,legal.json,mean_relative_absolute_error,4999.5,7070.360705084288,2,2
BaselineLLMSystemClaude35OneShot,legal.json,mean_squared_error,0.0,0.0,1,2
BaselineLLMSystemClaude35OneShot,legal.json,precision,0.1135879756122226,0.2806506920777161,92,92
BaselineLLMSystemClaude35OneShot,legal.json,rae_score,2500.250025,4999.166672221482,4,4
BaselineLLMSystemClaude35OneShot,legal.json,recall,0.1989264828101573,0.3839994147949614,92,92
BaselineLLMSystemClaude35OneShot,legal.json,rouge,0.1727272727272727,0.3697714778371297,10,10
BaselineLLMSystemClaude35OneShot,legal.json,runtime,2.9219410419464107,11.398205086504197,218,218
BaselineLLMSystemClaude35OneShot,legal.json,string_bootstrap,0.1727272727272727,0.3697714778371297,10,10
BaselineLLMSystemClaude35OneShot,legal.json,success,0.0776699029126213,0.2689602488432698,103,103
BaselineLLMSystemClaude35OneShot,legal.json,total_token_usage_answers,24.12844036697248,110.35945466293784,218,218
BaselineLLMSystemClaude35OneShot,legal.json,total_token_usage_pipeline,1022.0666666666668,328.52763840414144,30,30
BaselineLLMSystemGPTo3OneShot,archeology.json,f1,0.1720222196993478,0.2164972656014606,50,50
BaselineLLMSystemGPTo3OneShot,archeology.json,f1_approximate,0.0,0.0,1,1
BaselineLLMSystemGPTo3OneShot,archeology.json,llm_code_eval,0.6830357142857143,0.2272241029076292,12,12
BaselineLLMSystemGPTo3OneShot,archeology.json,precision,0.2726514894635137,0.3506926442948022,50,50
BaselineLLMSystemGPTo3OneShot,archeology.json,recall,0.408973175433524,0.436175380207366,50,50
BaselineLLMSystemGPTo3OneShot,archeology.json,runtime,9.271683977310918,25.61722419586285,83,83
BaselineLLMSystemGPTo3OneShot,archeology.json,success,0.34375,0.4825587044348142,32,32
BaselineLLMSystemGPTo3OneShot,archeology.json,total_token_usage_answers,0.0,0.0,83,83
BaselineLLMSystemGPTo3OneShot,archeology.json,total_token_usage_pipeline,1294.4166666666667,313.1701420614486,12,12
BaselineLLMSystemClaude35OneShot,wildfire.json,bleu,0.2680943459102162,0.421006207906437,9,9
BaselineLLMSystemClaude35OneShot,wildfire.json,f1,0.1367679391075173,0.1124498138886694,44,44
BaselineLLMSystemClaude35OneShot,wildfire.json,f1_approximate,0.0,0.0,14,14
BaselineLLMSystemClaude35OneShot,wildfire.json,llm_code_eval,0.573015873015873,0.3384003711810782,21,21
BaselineLLMSystemClaude35OneShot,wildfire.json,llm_paraphrase,0.3333333333333333,0.5,9,9
BaselineLLMSystemClaude35OneShot,wildfire.json,mean_absolute_error,0.0005999999999999,0.0,1,7
BaselineLLMSystemClaude35OneShot,wildfire.json,mean_relative_absolute_error,8570.585956416466,3779.228328554211,7,7
BaselineLLMSystemClaude35OneShot,wildfire.json,mean_squared_error,3.599999999999998e-07,0.0,1,7
BaselineLLMSystemClaude35OneShot,wildfire.json,precision,0.0786413136156485,0.1715094902907801,44,44
BaselineLLMSystemClaude35OneShot,wildfire.json,rae_score,4285.415427472527,5134.895791344201,14,14
BaselineLLMSystemClaude35OneShot,wildfire.json,recall,0.1234857170988673,0.2925831768017335,44,44
BaselineLLMSystemClaude35OneShot,wildfire.json,rouge,0.3803591470258137,0.4738485770903913,9,9
BaselineLLMSystemClaude35OneShot,wildfire.json,runtime,3.350551583242753,10.51898320648696,141,141
BaselineLLMSystemClaude35OneShot,wildfire.json,string_bootstrap,0.3333333333333333,0.5,9,9
BaselineLLMSystemClaude35OneShot,wildfire.json,success,0.2238805970149253,0.4199890158155315,67,67
BaselineLLMSystemClaude35OneShot,wildfire.json,total_token_usage_answers,32.87943262411348,126.4936178614391,141,141
BaselineLLMSystemClaude35OneShot,wildfire.json,total_token_usage_pipeline,1087.6666666666667,178.75607215793633,21,21
BaselineLLMSystemClaude35Naive,biomedical.json,f1,0.1098934782249817,0.0755881430402905,24,24
BaselineLLMSystemClaude35Naive,biomedical.json,llm_code_eval,0.4037037037037037,0.2676806852306341,9,9
BaselineLLMSystemClaude35Naive,biomedical.json,precision,0.062781954887218,0.1102014359161805,24,24
BaselineLLMSystemClaude35Naive,biomedical.json,recall,0.1335848460015347,0.3002258903838566,24,24
BaselineLLMSystemClaude35Naive,biomedical.json,runtime,3.7925131777499583,7.96472015962933,47,47
BaselineLLMSystemClaude35Naive,biomedical.json,success,0.0869565217391304,0.2881040655200304,23,23
BaselineLLMSystemClaude35Naive,biomedical.json,total_token_usage_answers,0.0,0.0,47,47
BaselineLLMSystemClaude35Naive,biomedical.json,total_token_usage_pipeline,1158.7777777777778,94.70319131077076,9,9
BaselineLLMSystemGPT4oNaive,astronomy.json,bleu,0.4972548410713887,0.0,1,1
BaselineLLMSystemGPT4oNaive,astronomy.json,f1,0.1416699401819637,0.1182983244077559,33,33
BaselineLLMSystemGPT4oNaive,astronomy.json,f1_approximate,0.0,0.0,9,9
BaselineLLMSystemGPT4oNaive,astronomy.json,llm_code_eval,0.4677579365079365,0.287739785613001,12,12
BaselineLLMSystemGPT4oNaive,astronomy.json,llm_paraphrase,0.0,0.0,1,1
BaselineLLMSystemGPT4oNaive,astronomy.json,mean_absolute_error,,0.0,0,2
BaselineLLMSystemGPT4oNaive,astronomy.json,mean_relative_absolute_error,9999.0,0.0,2,2
BaselineLLMSystemGPT4oNaive,astronomy.json,mean_squared_error,,0.0,0,2
BaselineLLMSystemGPT4oNaive,astronomy.json,precision,0.1078860689272588,0.2552126029135954,33,33
BaselineLLMSystemGPT4oNaive,astronomy.json,rae_score,4999.500050000001,5772.925283892041,4,4
BaselineLLMSystemGPT4oNaive,astronomy.json,recall,0.0436641958697205,0.1194952342734173,33,33
BaselineLLMSystemGPT4oNaive,astronomy.json,rouge,0.5106382978723404,0.0,1,1
BaselineLLMSystemGPT4oNaive,astronomy.json,runtime,15.736294430494308,58.04144573704324,80,80
BaselineLLMSystemGPT4oNaive,astronomy.json,string_bootstrap,0.5106382978723404,0.0,1,1
BaselineLLMSystemGPT4oNaive,astronomy.json,success,0.0571428571428571,0.2355041079768028,35,35
BaselineLLMSystemGPT4oNaive,astronomy.json,total_token_usage_answers,7.4625,66.74662912836872,80,80
BaselineLLMSystemGPT4oNaive,astronomy.json,total_token_usage_pipeline,1575.1666666666667,489.1076909366007,12,12
BaselineLLMSystemClaude35OneShot,biomedical.json,f1,0.1015484355373681,0.080152636085332,24,24
BaselineLLMSystemClaude35OneShot,biomedical.json,llm_code_eval,0.4648148148148148,0.1999142477343421,9,9
BaselineLLMSystemClaude35OneShot,biomedical.json,precision,0.0723211790282853,0.120659336307776,24,24
BaselineLLMSystemClaude35OneShot,biomedical.json,recall,0.2510247780998908,0.4014916854611944,24,24
BaselineLLMSystemClaude35OneShot,biomedical.json,runtime,7.752095192036728,30.28278363039226,47,47
BaselineLLMSystemClaude35OneShot,biomedical.json,success,0.0869565217391304,0.2881040655200304,23,23
BaselineLLMSystemClaude35OneShot,biomedical.json,total_token_usage_answers,0.0,0.0,47,47
BaselineLLMSystemClaude35OneShot,biomedical.json,total_token_usage_pipeline,1218.2222222222222,221.60368779522705,9,9
BaselineLLMSystemClaude35Naive,legal.json,bleu,0.2084388811461778,0.312514494609625,10,10
BaselineLLMSystemClaude35Naive,legal.json,f1,0.1792092810112449,0.1553618318697883,92,92
BaselineLLMSystemClaude35Naive,legal.json,f1_approximate,0.0,0.0,11,11
BaselineLLMSystemClaude35Naive,legal.json,llm_code_eval,0.417579365079365,0.2289426720874567,30,30
BaselineLLMSystemClaude35Naive,legal.json,llm_paraphrase,0.0,0.0,10,10
BaselineLLMSystemClaude35Naive,legal.json,mean_absolute_error,,0.0,0,2
BaselineLLMSystemClaude35Naive,legal.json,mean_relative_absolute_error,9999.0,0.0,2,2
BaselineLLMSystemClaude35Naive,legal.json,mean_squared_error,,0.0,0,2
BaselineLLMSystemClaude35Naive,legal.json,precision,0.0601043693805865,0.1604493106101062,92,92
BaselineLLMSystemClaude35Naive,legal.json,rae_score,4999.500050000001,5772.925283892041,4,4
BaselineLLMSystemClaude35Naive,legal.json,recall,0.1250421322835573,0.2979684289184609,92,92
BaselineLLMSystemClaude35Naive,legal.json,rouge,0.2373426573426573,0.3656415041455899,10,10
BaselineLLMSystemClaude35Naive,legal.json,runtime,2.348719893245522,5.981784723024423,218,218
BaselineLLMSystemClaude35Naive,legal.json,string_bootstrap,0.2296503496503496,0.3701724470839073,10,10
BaselineLLMSystemClaude35Naive,legal.json,success,0.0388349514563106,0.1941462000702391,103,103
BaselineLLMSystemClaude35Naive,legal.json,total_token_usage_answers,23.93119266055045,109.46143751860802,218,218
BaselineLLMSystemClaude35Naive,legal.json,total_token_usage_pipeline,1123.1666666666667,170.87746836666997,30,30
BaselineLLMSystemGPTo3Naive,environment.json,bleu,0.4008363358221538,0.4902883296983887,9,9
BaselineLLMSystemGPTo3Naive,environment.json,f1,0.2023485944558791,0.2352565769336591,68,68
BaselineLLMSystemGPTo3Naive,environment.json,f1_approximate,0.0,0.0,14,14
BaselineLLMSystemGPTo3Naive,environment.json,llm_code_eval,0.6099603174603175,0.2242520988581325,20,20
BaselineLLMSystemGPTo3Naive,environment.json,llm_paraphrase,0.3333333333333333,0.5,9,9
BaselineLLMSystemGPTo3Naive,environment.json,precision,0.2859807186300317,0.4128137415014808,68,68
BaselineLLMSystemGPTo3Naive,environment.json,recall,0.3844167407536563,0.4715078839689023,68,68
BaselineLLMSystemGPTo3Naive,environment.json,rouge,0.4179894179894179,0.5010067968916391,9,9
BaselineLLMSystemGPTo3Naive,environment.json,runtime,6.3800032039483385,18.863622349600657,168,168
BaselineLLMSystemGPTo3Naive,environment.json,string_bootstrap,0.4179894179894179,0.5010067968916391,9,9
BaselineLLMSystemGPTo3Naive,environment.json,success,0.1558441558441558,0.3650859691452305,77,77
BaselineLLMSystemGPTo3Naive,environment.json,total_token_usage_answers,27.267857142857142,115.02249054818633,168,168
BaselineLLMSystemGPTo3Naive,environment.json,total_token_usage_pipeline,1894.15,416.390160533932,20,20
BaselineLLMSystemGPT4oOneShot,astronomy.json,bleu,0.0478311903621199,0.0,1,1
BaselineLLMSystemGPT4oOneShot,astronomy.json,f1,0.1733586231725837,0.1498677295349356,33,33
BaselineLLMSystemGPT4oOneShot,astronomy.json,f1_approximate,0.0,0.0,9,9
BaselineLLMSystemGPT4oOneShot,astronomy.json,llm_code_eval,0.3407738095238095,0.3347772457620818,12,12
BaselineLLMSystemGPT4oOneShot,astronomy.json,llm_paraphrase,0.0,0.0,1,1
BaselineLLMSystemGPT4oOneShot,astronomy.json,mean_absolute_error,3.422e-13,0.0,1,2
BaselineLLMSystemGPT4oOneShot,astronomy.json,mean_relative_absolute_error,4999.868909012505,7069.838988955522,2,2
BaselineLLMSystemGPT4oOneShot,astronomy.json,mean_squared_error,1.1710084e-25,0.0,1,2
BaselineLLMSystemGPT4oOneShot,astronomy.json,precision,0.1252525252525252,0.2641522476388568,33,33
BaselineLLMSystemGPT4oOneShot,astronomy.json,rae_score,2500.037742121588,4999.308179275726,4,4
BaselineLLMSystemGPT4oOneShot,astronomy.json,recall,0.1021536190973794,0.2729972741117764,33,33
BaselineLLMSystemGPT4oOneShot,astronomy.json,rouge,0.0465116279069767,0.0,1,1
BaselineLLMSystemGPT4oOneShot,astronomy.json,runtime,7.065158799290659,19.55963538339924,80,80
BaselineLLMSystemGPT4oOneShot,astronomy.json,string_bootstrap,0.0,0.0,1,1
BaselineLLMSystemGPT4oOneShot,astronomy.json,success,0.0571428571428571,0.2355041079768028,35,35
BaselineLLMSystemGPT4oOneShot,astronomy.json,total_token_usage_answers,7.25,64.8459713474939,80,80
BaselineLLMSystemGPT4oOneShot,astronomy.json,total_token_usage_pipeline,1252.8333333333333,650.7480776814177,12,12
BaselineLLMSystemGPT4oOneShot,environment.json,bleu,0.2402797775649788,0.43305690236,9,9
BaselineLLMSystemGPT4oOneShot,environment.json,f1,0.2408359667152442,0.2157614842803933,68,68
BaselineLLMSystemGPT4oOneShot,environment.json,f1_approximate,0.0,0.0,14,14
BaselineLLMSystemGPT4oOneShot,environment.json,llm_code_eval,0.523531746031746,0.3419780419362341,20,20
BaselineLLMSystemGPT4oOneShot,environment.json,llm_paraphrase,0.2222222222222222,0.4409585518440984,9,9
BaselineLLMSystemGPT4oOneShot,environment.json,precision,0.1776387097925455,0.3201697811372828,68,68
BaselineLLMSystemGPT4oOneShot,environment.json,recall,0.2316094978098869,0.3988695774810374,68,68
BaselineLLMSystemGPT4oOneShot,environment.json,rouge,0.2222222222222222,0.4409585518440984,9,9
BaselineLLMSystemGPT4oOneShot,environment.json,runtime,6.392793683778675,18.18028163107741,168,168
BaselineLLMSystemGPT4oOneShot,environment.json,string_bootstrap,0.2222222222222222,0.4409585518440984,9,9
BaselineLLMSystemGPT4oOneShot,environment.json,success,0.1688311688311688,0.3770591675822594,77,77
BaselineLLMSystemGPT4oOneShot,environment.json,total_token_usage_answers,28.97023809523809,122.77716661439594,168,168
BaselineLLMSystemGPT4oOneShot,environment.json,total_token_usage_pipeline,1253.25,394.34928079452345,20,20
BaselineLLMSystemGPT4oNaive,biomedical.json,f1,0.1131886646360006,0.0544498741757979,24,24
BaselineLLMSystemGPT4oNaive,biomedical.json,llm_code_eval,0.3981481481481481,0.2743617109264639,9,9
BaselineLLMSystemGPT4oNaive,biomedical.json,precision,0.0354166666666666,0.0541318171059166,24,24
BaselineLLMSystemGPT4oNaive,biomedical.json,recall,0.0410749253666141,0.0895146766961481,24,24
BaselineLLMSystemGPT4oNaive,biomedical.json,runtime,2.832759141921997,6.025340451825749,47,47
BaselineLLMSystemGPT4oNaive,biomedical.json,success,0.1304347826086956,0.3443502215750909,23,23
BaselineLLMSystemGPT4oNaive,biomedical.json,total_token_usage_answers,0.0,0.0,47,47
BaselineLLMSystemGPT4oNaive,biomedical.json,total_token_usage_pipeline,1113.111111111111,126.29473904763852,9,9
BaselineLLMSystemGPT4oNaive,legal.json,bleu,0.0075714865381997,0.0161542873714799,10,10
BaselineLLMSystemGPT4oNaive,legal.json,f1,0.1583221139009936,0.1184113383129594,92,92
BaselineLLMSystemGPT4oNaive,legal.json,f1_approximate,0.0,0.0,11,11
BaselineLLMSystemGPT4oNaive,legal.json,llm_code_eval,0.3081349206349206,0.208606868802938,30,30
BaselineLLMSystemGPT4oNaive,legal.json,llm_paraphrase,0.0,0.0,10,10
BaselineLLMSystemGPT4oNaive,legal.json,mean_absolute_error,13.1628,0.0,1,2
BaselineLLMSystemGPT4oNaive,legal.json,mean_relative_absolute_error,5000.0,7069.653598303102,2,2
BaselineLLMSystemGPT4oNaive,legal.json,mean_squared_error,173.25930384000003,0.0,1,2
BaselineLLMSystemGPT4oNaive,legal.json,precision,0.0328000743218134,0.1258608533966602,92,92
BaselineLLMSystemGPT4oNaive,legal.json,rae_score,2500.000025,4999.33332222074,4,4
BaselineLLMSystemGPT4oNaive,legal.json,recall,0.0675338619621962,0.2137419537998333,92,92
BaselineLLMSystemGPT4oNaive,legal.json,rouge,0.0,0.0,10,10
BaselineLLMSystemGPT4oNaive,legal.json,runtime,2.649768026596909,8.620086597857238,218,218
BaselineLLMSystemGPT4oNaive,legal.json,string_bootstrap,0.0,0.0,10,10
BaselineLLMSystemGPT4oNaive,legal.json,success,0.0388349514563106,0.1941462000702391,103,103
BaselineLLMSystemGPT4oNaive,legal.json,total_token_usage_answers,24.371559633027523,111.46462941839988,218,218
BaselineLLMSystemGPT4oNaive,legal.json,total_token_usage_pipeline,1114.9,161.86421512468723,30,30
BaselineLLMSystemGPTo3Naive,astronomy.json,bleu,0.0491517961798889,0.0,1,1
BaselineLLMSystemGPTo3Naive,astronomy.json,f1,0.1649221259426005,0.1782819020854254,33,33
BaselineLLMSystemGPTo3Naive,astronomy.json,f1_approximate,0.0,0.0,9,9
BaselineLLMSystemGPTo3Naive,astronomy.json,llm_code_eval,0.6801587301587301,0.2471346248539716,12,12
BaselineLLMSystemGPTo3Naive,astronomy.json,llm_paraphrase,0.0,0.0,1,1
BaselineLLMSystemGPTo3Naive,astronomy.json,mean_absolute_error,,0.0,0,2
BaselineLLMSystemGPTo3Naive,astronomy.json,mean_relative_absolute_error,9999.0,0.0,2,2
BaselineLLMSystemGPTo3Naive,astronomy.json,mean_squared_error,,0.0,0,2
BaselineLLMSystemGPTo3Naive,astronomy.json,precision,0.3014008473010898,0.3982197196076507,33,33
BaselineLLMSystemGPTo3Naive,astronomy.json,rae_score,4999.500050000001,5772.925283892041,4,4
BaselineLLMSystemGPTo3Naive,astronomy.json,recall,0.2461963543251918,0.3894606979567394,33,33
BaselineLLMSystemGPTo3Naive,astronomy.json,rouge,0.0465116279069767,0.0,1,1
BaselineLLMSystemGPTo3Naive,astronomy.json,runtime,11.52886859178543,31.738639408405483,80,80
BaselineLLMSystemGPTo3Naive,astronomy.json,string_bootstrap,0.0,0.0,1,1
BaselineLLMSystemGPTo3Naive,astronomy.json,success,0.1142857142857142,0.3228028510906756,35,35
BaselineLLMSystemGPTo3Naive,astronomy.json,total_token_usage_answers,7.25,64.8459713474939,80,80
BaselineLLMSystemGPTo3Naive,astronomy.json,total_token_usage_pipeline,2258.333333333333,722.9482985831299,12,12
BaselineLLMSystemGPTo3OneShot,astronomy.json,bleu,0.1866392067647359,0.0,1,1
BaselineLLMSystemGPTo3OneShot,astronomy.json,f1,0.2554913528441693,0.210491706737357,33,33
BaselineLLMSystemGPTo3OneShot,astronomy.json,f1_approximate,0.0,0.0,9,9
BaselineLLMSystemGPTo3OneShot,astronomy.json,llm_code_eval,0.6844246031746032,0.3394671814673678,12,12
BaselineLLMSystemGPTo3OneShot,astronomy.json,llm_paraphrase,0.0,0.0,1,1
BaselineLLMSystemGPTo3OneShot,astronomy.json,mean_absolute_error,,0.0,0,2
BaselineLLMSystemGPTo3OneShot,astronomy.json,mean_relative_absolute_error,9999.0,0.0,2,2
BaselineLLMSystemGPTo3OneShot,astronomy.json,mean_squared_error,,0.0,0,2
BaselineLLMSystemGPTo3OneShot,astronomy.json,precision,0.3481824358421127,0.3931833043750181,33,33
BaselineLLMSystemGPTo3OneShot,astronomy.json,rae_score,4999.500050000001,5772.925283892041,4,4
BaselineLLMSystemGPTo3OneShot,astronomy.json,recall,0.3215250322977696,0.4083642280006885,33,33
BaselineLLMSystemGPTo3OneShot,astronomy.json,rouge,0.3157894736842105,0.0,1,1
BaselineLLMSystemGPTo3OneShot,astronomy.json,runtime,12.443112501502036,34.345716812119235,80,80
BaselineLLMSystemGPTo3OneShot,astronomy.json,string_bootstrap,0.0,0.0,1,1
BaselineLLMSystemGPTo3OneShot,astronomy.json,success,0.2,0.405839724956714,35,35
BaselineLLMSystemGPTo3OneShot,astronomy.json,total_token_usage_answers,8.9875,80.38664379111744,80,80
BaselineLLMSystemGPTo3OneShot,astronomy.json,total_token_usage_pipeline,1721.4166666666667,708.2536087041309,12,12
BaselineLLMSystemGPT4oOneShot,biomedical.json,f1,0.1421003034619729,0.14754790806376,24,24
BaselineLLMSystemGPT4oOneShot,biomedical.json,llm_code_eval,0.3833333333333333,0.2809815248089287,9,9
BaselineLLMSystemGPT4oOneShot,biomedical.json,precision,0.1020322682618422,0.2253733872290453,24,24
BaselineLLMSystemGPT4oOneShot,biomedical.json,recall,0.1502019094935982,0.294691585051873,24,24
BaselineLLMSystemGPT4oOneShot,biomedical.json,runtime,3.90782450107818,9.5306977819009,47,47
BaselineLLMSystemGPT4oOneShot,biomedical.json,success,0.0434782608695652,0.2085144140570747,23,23
BaselineLLMSystemGPT4oOneShot,biomedical.json,total_token_usage_answers,0.0,0.0,47,47
BaselineLLMSystemGPT4oOneShot,biomedical.json,total_token_usage_pipeline,1065.4444444444443,118.8960797409981,9,9
BaselineLLMSystemGPTo3OneShot,legal.json,bleu,0.4006218358440678,0.4350128025803237,10,10
BaselineLLMSystemGPTo3OneShot,legal.json,f1,0.1917816645852371,0.172083611759195,92,92
BaselineLLMSystemGPTo3OneShot,legal.json,f1_approximate,0.0,0.0,11,11
BaselineLLMSystemGPTo3OneShot,legal.json,llm_code_eval,0.5659920634920634,0.3307698599318792,30,30
BaselineLLMSystemGPTo3OneShot,legal.json,llm_paraphrase,0.2,0.4216370213557839,10,10
BaselineLLMSystemGPTo3OneShot,legal.json,mean_absolute_error,,0.0,0,2
BaselineLLMSystemGPTo3OneShot,legal.json,mean_relative_absolute_error,9999.0,0.0,2,2
BaselineLLMSystemGPTo3OneShot,legal.json,mean_squared_error,,0.0,0,2
BaselineLLMSystemGPTo3OneShot,legal.json,precision,0.2041748671015761,0.3552579118718241,92,92
BaselineLLMSystemGPTo3OneShot,legal.json,rae_score,4999.500050000001,5772.925283892041,4,4
BaselineLLMSystemGPTo3OneShot,legal.json,recall,0.3168317285568492,0.4462423449232857,92,92
BaselineLLMSystemGPTo3OneShot,legal.json,rouge,0.4296503496503496,0.4612359442747755,10,10
BaselineLLMSystemGPTo3OneShot,legal.json,runtime,7.902639817754066,24.056827566403243,218,218
BaselineLLMSystemGPTo3OneShot,legal.json,string_bootstrap,0.4296503496503496,0.4612359442747755,10,10
BaselineLLMSystemGPTo3OneShot,legal.json,success,0.1844660194174757,0.3897604295736685,103,103
BaselineLLMSystemGPTo3OneShot,legal.json,total_token_usage_answers,23.62844036697248,108.04984563309256,218,218
BaselineLLMSystemGPTo3OneShot,legal.json,total_token_usage_pipeline,1203.5666666666666,401.0258984958051,30,30
BaselineLLMSystemGPTo3OneShot,environment.json,bleu,0.4617545304029232,0.5124319002411981,9,9
BaselineLLMSystemGPTo3OneShot,environment.json,f1,0.2625841735434537,0.2588491478297204,68,68
BaselineLLMSystemGPTo3OneShot,environment.json,f1_approximate,0.0,0.0,14,14
BaselineLLMSystemGPTo3OneShot,environment.json,llm_code_eval,0.6414285714285715,0.27640421167886,20,20
BaselineLLMSystemGPTo3OneShot,environment.json,llm_paraphrase,0.4444444444444444,0.5270462766947299,9,9
BaselineLLMSystemGPTo3OneShot,environment.json,precision,0.4353547150862986,0.4526664373915553,68,68
BaselineLLMSystemGPTo3OneShot,environment.json,recall,0.5499846792048663,0.4579342647358013,68,68
BaselineLLMSystemGPTo3OneShot,environment.json,rouge,0.4482758620689655,0.5235250500237578,9,9
BaselineLLMSystemGPTo3OneShot,environment.json,runtime,8.761076900221056,26.09018612232253,168,168
BaselineLLMSystemGPTo3OneShot,environment.json,string_bootstrap,0.4444444444444444,0.5270462766947299,9,9
BaselineLLMSystemGPTo3OneShot,environment.json,success,0.2857142857142857,0.4547163041867237,77,77
BaselineLLMSystemGPTo3OneShot,environment.json,total_token_usage_answers,27.571428571428573,116.40197600173566,168,168
BaselineLLMSystemGPTo3OneShot,environment.json,total_token_usage_pipeline,1527.05,304.77368221094986,20,20
BaselineLLMSystemGPT4oNaive,wildfire.json,bleu,0.0432767774369413,0.0764898806332506,9,9
BaselineLLMSystemGPT4oNaive,wildfire.json,f1,0.1267089648793411,0.0913953023898424,44,44
BaselineLLMSystemGPT4oNaive,wildfire.json,f1_approximate,0.0,0.0,14,14
BaselineLLMSystemGPT4oNaive,wildfire.json,llm_code_eval,0.5120181405895691,0.3147170099393171,21,21
BaselineLLMSystemGPT4oNaive,wildfire.json,llm_paraphrase,0.0,0.0,9,9
BaselineLLMSystemGPT4oNaive,wildfire.json,mean_absolute_error,,0.0,0,7
BaselineLLMSystemGPT4oNaive,wildfire.json,mean_relative_absolute_error,9999.0,0.0,7,7
BaselineLLMSystemGPT4oNaive,wildfire.json,mean_squared_error,,0.0,0,7
BaselineLLMSystemGPT4oNaive,wildfire.json,precision,0.0272770358296674,0.047117549765031,44,44
BaselineLLMSystemGPT4oNaive,wildfire.json,rae_score,4999.500050000002,5188.226290218593,14,14
BaselineLLMSystemGPT4oNaive,wildfire.json,recall,0.0763062236937197,0.2317173287395772,44,44
BaselineLLMSystemGPT4oNaive,wildfire.json,rouge,0.0444444444444444,0.1333333333333333,9,9
BaselineLLMSystemGPT4oNaive,wildfire.json,runtime,2.052743688542792,5.54171877284635,141,141
BaselineLLMSystemGPT4oNaive,wildfire.json,string_bootstrap,0.0444444444444444,0.1333333333333333,9,9
BaselineLLMSystemGPT4oNaive,wildfire.json,success,0.0597014925373134,0.2387211518300628,67,67
BaselineLLMSystemGPT4oNaive,wildfire.json,total_token_usage_answers,33.822695035460995,130.01182823595835,141,141
BaselineLLMSystemGPT4oNaive,wildfire.json,total_token_usage_pipeline,1126.904761904762,144.9164948382015,21,21
BaselineLLMSystemGPT4oOneShot,wildfire.json,bleu,0.2298627412035602,0.412609927477586,9,9
BaselineLLMSystemGPT4oOneShot,wildfire.json,f1,0.130336646266728,0.1333435309544699,44,44
BaselineLLMSystemGPT4oOneShot,wildfire.json,f1_approximate,0.0,0.0,14,14
BaselineLLMSystemGPT4oOneShot,wildfire.json,llm_code_eval,0.4270975056689342,0.3294792383564974,21,21
BaselineLLMSystemGPT4oOneShot,wildfire.json,llm_paraphrase,0.2222222222222222,0.4409585518440984,9,9
BaselineLLMSystemGPT4oOneShot,wildfire.json,mean_absolute_error,0.23,0.0,1,7
BaselineLLMSystemGPT4oOneShot,wildfire.json,mean_relative_absolute_error,8570.621978021978,3779.133024344199,7,7
BaselineLLMSystemGPT4oOneShot,wildfire.json,mean_squared_error,0.0529,0.0,1,7
BaselineLLMSystemGPT4oOneShot,wildfire.json,precision,0.0969089390142021,0.2208839361212524,44,44
BaselineLLMSystemGPT4oOneShot,wildfire.json,rae_score,4285.391276623375,5134.91749299704,14,14
BaselineLLMSystemGPT4oOneShot,wildfire.json,recall,0.1408300837178537,0.2948970421652428,44,44
BaselineLLMSystemGPT4oOneShot,wildfire.json,rouge,0.3333333333333333,0.5,9,9
BaselineLLMSystemGPT4oOneShot,wildfire.json,runtime,4.034185661491772,10.937307976894491,141,141
BaselineLLMSystemGPT4oOneShot,wildfire.json,string_bootstrap,0.3333333333333333,0.5,9,9
BaselineLLMSystemGPT4oOneShot,wildfire.json,success,0.2686567164179104,0.4466063805620691,67,67
BaselineLLMSystemGPT4oOneShot,wildfire.json,total_token_usage_answers,32.765957446808514,126.07807322097077,141,141
BaselineLLMSystemGPT4oOneShot,wildfire.json,total_token_usage_pipeline,1074.0,160.6387250945425,21,21
BaselineLLMSystemGPTo3Naive,biomedical.json,f1,0.1314311159732663,0.1425491293908565,24,24
BaselineLLMSystemGPTo3Naive,biomedical.json,llm_code_eval,0.437037037037037,0.3416352991723829,9,9
BaselineLLMSystemGPTo3Naive,biomedical.json,precision,0.1446284983291562,0.2667811735743411,24,24
BaselineLLMSystemGPTo3Naive,biomedical.json,recall,0.2468487394957983,0.4062044586239257,24,24
BaselineLLMSystemGPTo3Naive,biomedical.json,runtime,11.28997741861546,35.415557937339635,47,47
BaselineLLMSystemGPTo3Naive,biomedical.json,success,0.2608695652173913,0.4489777585448795,23,23
BaselineLLMSystemGPTo3Naive,biomedical.json,total_token_usage_answers,0.0,0.0,47,47
BaselineLLMSystemGPTo3Naive,biomedical.json,total_token_usage_pipeline,1608.888888888889,342.4490635278641,9,9
BaselineLLMSystemGPT4oOneShot,legal.json,bleu,0.0030154790248623,0.0095357819550285,10,10
BaselineLLMSystemGPT4oOneShot,legal.json,f1,0.17295179899652,0.1756996904019292,92,92
BaselineLLMSystemGPT4oOneShot,legal.json,f1_approximate,0.0,0.0,11,11
BaselineLLMSystemGPT4oOneShot,legal.json,llm_code_eval,0.4061904761904761,0.2964700678547277,30,30
BaselineLLMSystemGPT4oOneShot,legal.json,llm_paraphrase,0.0,0.0,10,10
BaselineLLMSystemGPT4oOneShot,legal.json,mean_absolute_error,,0.0,0,2
BaselineLLMSystemGPT4oOneShot,legal.json,mean_relative_absolute_error,9999.0,0.0,2,2
BaselineLLMSystemGPT4oOneShot,legal.json,mean_squared_error,,0.0,0,2
BaselineLLMSystemGPT4oOneShot,legal.json,precision,0.1094529103331913,0.2794014020905755,92,92
BaselineLLMSystemGPT4oOneShot,legal.json,rae_score,4999.500050000001,5772.925283892041,4,4
BaselineLLMSystemGPT4oOneShot,legal.json,recall,0.1327813820639654,0.3078090268546907,92,92
BaselineLLMSystemGPT4oOneShot,legal.json,rouge,0.0,0.0,10,10
BaselineLLMSystemGPT4oOneShot,legal.json,runtime,4.537962429020382,21.04167172606089,218,218
BaselineLLMSystemGPT4oOneShot,legal.json,string_bootstrap,0.0,0.0,10,10
BaselineLLMSystemGPT4oOneShot,legal.json,success,0.0679611650485436,0.2529099631439079,103,103
BaselineLLMSystemGPT4oOneShot,legal.json,total_token_usage_answers,24.21100917431193,110.752647003725,218,218
BaselineLLMSystemGPT4oOneShot,legal.json,total_token_usage_pipeline,1027.8666666666666,321.5476296925846,30,30
BaselineLLMSystemGPTo3OneShot,biomedical.json,f1,0.1081488049570591,0.1135509623618643,24,24
BaselineLLMSystemGPTo3OneShot,biomedical.json,llm_code_eval,0.4518518518518518,0.3123432391453039,9,9
BaselineLLMSystemGPTo3OneShot,biomedical.json,precision,0.1519541235338829,0.2238419363422347,24,24
BaselineLLMSystemGPTo3OneShot,biomedical.json,recall,0.3241421568627451,0.4511154596377846,24,24
BaselineLLMSystemGPTo3OneShot,biomedical.json,runtime,15.5760618169257,42.85795360603453,47,47
BaselineLLMSystemGPTo3OneShot,biomedical.json,success,0.2608695652173913,0.4489777585448795,23,23
BaselineLLMSystemGPTo3OneShot,biomedical.json,total_token_usage_answers,0.0,0.0,47,47
BaselineLLMSystemGPTo3OneShot,biomedical.json,total_token_usage_pipeline,1607.0,256.9187614791882,9,9
BaselineLLMSystemGPTo3Naive,legal.json,bleu,0.3005220945094419,0.3873856650115725,10,10
BaselineLLMSystemGPTo3Naive,legal.json,f1,0.1716135750290362,0.1523018184538571,92,92
BaselineLLMSystemGPTo3Naive,legal.json,f1_approximate,0.0,0.0,11,11
BaselineLLMSystemGPTo3Naive,legal.json,llm_code_eval,0.4938624338624339,0.27506072406005,30,30
BaselineLLMSystemGPTo3Naive,legal.json,llm_paraphrase,0.1,0.3162277660168379,10,10
BaselineLLMSystemGPTo3Naive,legal.json,mean_absolute_error,,0.0,0,2
BaselineLLMSystemGPTo3Naive,legal.json,mean_relative_absolute_error,9999.0,0.0,2,2
BaselineLLMSystemGPTo3Naive,legal.json,mean_squared_error,,0.0,0,2
BaselineLLMSystemGPTo3Naive,legal.json,precision,0.091959550111724,0.2328197143360183,92,92
BaselineLLMSystemGPTo3Naive,legal.json,rae_score,4999.500050000001,5772.925283892041,4,4
BaselineLLMSystemGPTo3Naive,legal.json,recall,0.1463033714382274,0.3146323234998348,92,92
BaselineLLMSystemGPTo3Naive,legal.json,rouge,0.3254545454545455,0.4266985180948636,10,10
BaselineLLMSystemGPTo3Naive,legal.json,runtime,5.429642841356611,15.36417145624287,218,218
BaselineLLMSystemGPTo3Naive,legal.json,string_bootstrap,0.3254545454545455,0.4266985180948636,10,10
BaselineLLMSystemGPTo3Naive,legal.json,success,0.0388349514563106,0.1941462000702391,103,103
BaselineLLMSystemGPTo3Naive,legal.json,total_token_usage_answers,24.192660550458715,110.62120171316568,218,218
BaselineLLMSystemGPTo3Naive,legal.json,total_token_usage_pipeline,1590.3,315.50869161206737,30,30
BaselineLLMSystemGPTo3OneShot,wildfire.json,bleu,0.3938945800865052,0.4246399656077802,9,9
BaselineLLMSystemGPTo3OneShot,wildfire.json,f1,0.1955543795720835,0.2233166390843629,44,44
BaselineLLMSystemGPTo3OneShot,wildfire.json,f1_approximate,0.0,0.0,14,14
BaselineLLMSystemGPTo3OneShot,wildfire.json,llm_code_eval,0.58718820861678,0.3664858612664254,21,21
BaselineLLMSystemGPTo3OneShot,wildfire.json,llm_paraphrase,0.1111111111111111,0.3333333333333333,9,9
BaselineLLMSystemGPTo3OneShot,wildfire.json,mean_absolute_error,9.181774999999828,15.644868317412232,4,7
BaselineLLMSystemGPTo3OneShot,wildfire.json,mean_relative_absolute_error,4285.492574649475,5344.496824885882,7,7
BaselineLLMSystemGPTo3OneShot,wildfire.json,mean_squared_error,267.8764206524986,525.052049447672,4,7
BaselineLLMSystemGPTo3OneShot,wildfire.json,precision,0.204150022836091,0.3551179074090719,44,44
BaselineLLMSystemGPTo3OneShot,wildfire.json,rae_score,2143.0925350263674,4257.483634263337,14,14
BaselineLLMSystemGPTo3OneShot,wildfire.json,recall,0.2546584520079697,0.4014580452262137,44,44
BaselineLLMSystemGPTo3OneShot,wildfire.json,rouge,0.4758213362864525,0.4740969069977189,9,9
BaselineLLMSystemGPTo3OneShot,wildfire.json,runtime,7.02273990752849,18.76315067092613,141,141
BaselineLLMSystemGPTo3OneShot,wildfire.json,string_bootstrap,0.4440753045404208,0.4974105417562571,9,9
BaselineLLMSystemGPTo3OneShot,wildfire.json,success,0.3582089552238806,0.4830927051164928,67,67
BaselineLLMSystemGPTo3OneShot,wildfire.json,total_token_usage_answers,32.255319148936174,124.05588626878264,141,141
BaselineLLMSystemGPTo3OneShot,wildfire.json,total_token_usage_pipeline,1381.3333333333333,348.7360510949984,21,21
BaselineLLMSystemGPTo3Naive,wildfire.json,bleu,0.3866672477858897,0.45922275974243276,9,9
BaselineLLMSystemGPTo3Naive,wildfire.json,f1,0.15037078574281829,0.1749752725946833,44,44
BaselineLLMSystemGPTo3Naive,wildfire.json,f1_approximate,0.0,0.0,14,14
BaselineLLMSystemGPTo3Naive,wildfire.json,llm_code_eval,0.49421768707482994,0.2858074030314166,21,21
BaselineLLMSystemGPTo3Naive,wildfire.json,llm_paraphrase,0.2222222222222222,0.44095855184409843,9,9
BaselineLLMSystemGPTo3Naive,wildfire.json,mean_absolute_error,756.7679499999999,1070.223154599266,2,7
BaselineLLMSystemGPTo3Naive,wildfire.json,mean_relative_absolute_error,7142.330471695603,4878.692005886027,7,7
BaselineLLMSystemGPTo3Naive,wildfire.json,mean_squared_error,1145386.5304674048,1619821.1654972392,2,7
BaselineLLMSystemGPTo3Naive,wildfire.json,precision,0.14804099894692138,0.3061672535182412,44,44
BaselineLLMSystemGPTo3Naive,wildfire.json,rae_score,3571.25166993742,4971.81492785659,14,14
BaselineLLMSystemGPTo3Naive,wildfire.json,recall,0.19473041767487756,0.3596882661023247,44,44
BaselineLLMSystemGPTo3Naive,wildfire.json,rouge,0.4285714285714286,0.5101020306102035,9,9
BaselineLLMSystemGPTo3Naive,wildfire.json,runtime,5.0508000732313665,12.856220429185043,141,141
BaselineLLMSystemGPTo3Naive,wildfire.json,string_bootstrap,0.4285714285714286,0.5101020306102035,9,9
BaselineLLMSystemGPTo3Naive,wildfire.json,success,0.19402985074626866,0.39843656466886784,67,67
BaselineLLMSystemGPTo3Naive,wildfire.json,total_token_usage_answers,32.687943262411345,125.72817247378075,141,141
BaselineLLMSystemGPTo3Naive,wildfire.json,total_token_usage_pipeline,1672.857142857143,341.9626128269413,21,21
